{"clusters":[{"name":"1","centroid":[0.0,0.0,1.1,0.0,0.0],"distance_summary":{"avr":1.7375518e-316,"var":1.7424889e-316,"med":6.95266125105995e-310,"min":2.1666616e-317,"max":9.5e-322,"rng":1.7424889e-316},"similarity_summary":{"avr":6.95266125106154e-310,"var":1.737551e-316,"med":6.95266125106233e-310,"min":2.166733e-317,"max":1.542415453e-314,"rng":1.737551e-316}},{"name":"2","centroid":[0.0,0.0,2.2,0.0,0.0],"distance_summary":{"avr":1.7375518e-316,"var":1.7412984e-316,"med":6.95266125105995e-310,"min":2.1666616e-317,"max":9.5e-322,"rng":1.7412984e-316},"similarity_summary":{"avr":6.95266125106154e-310,"var":1.737551e-316,"med":6.95266125106233e-310,"min":2.166733e-317,"max":3.664411244e-314,"rng":1.737551e-316}}]}